German,English
wärst,'d
steckst,'re stuck
dreimal,3 times
ein,a
eine,a
a,a
kopfschmerzen,a headache
längst,a long time ago
viel,a lot of
vielen,a lot of
aaron,aaron
fähigkeit,ability
fähig,able to
drüber,about it
darüber,about that
wovon,About what
worüber,about what
worum,about what
über,above
oben,above
fehlen,absence
absolut,absolutely
unbedingt,absolutely
durchaus,absolutely
absurd,absurd
akzent,accent
annehmen,accept
akzeptieren,accept
akzeptiert,accepted
übernommen,accepted
angenommen,accepted
zugang,Access
zugriff,access
unfall,accident
begleiten,accompany
konto,account
verfluchte,accursed
anklage,accusation
angeklagt,accused
gewöhnen,accustom
gegenüber,across from
wirken,Act
handeln,act
akt,act
aktion,action
action,action
vorgehen,Action
aktiviert,activated
schauspieler,actor
schauspielerin,actress
wirkt,acts
eigentlich,actually
adam,Adam
versetzt,added
weiteres,additional
adresse,address
eingestellt,adjusted
admiral,admiral
bewundere,admire
aufnahme,admission
zugeben,admit
erwachsene,adult
vorteil,advantage
abenteuer,adventure
werbung,advertising
rat,advice
affäre,affair
angelegenheiten,Affairs
leisten,Afford
afrika,Africa
hinterher,after
immerhin,after all
danach,after that
nachdem,after this
nachmittag,afternoon
wieder,again
erneut,again
nochmals,again
gegen,against
alter,Age
agent,agent
agenten,agents
zustimmen,agree
abmachung,agreement
ah,Ah
aha,Aha
vorne,ahead
voraus,ahead
voran,Ahead
ziele,aims
luft,air
air,air
flughafen,Airport
al,al
alan,alan
alarm,alarm
albert,albert
alkohol,alcohol
alex,Alex
alexander,Alexander
alf,alf
alfred,alfred
ali,ali
alibi,alibi
alice,alice
ausrichten,align
alison,alison
alle,all
ganz,all
ganzen,all
allen,all
allem,all
aller,all
gesamte,all
überall,all over
angeblich,allegedly
all,Alles
erlauben,allow
zulassen,allow
gestatten,allow
erlaubt,allowed
dürfen,allowed to
darfst,allowed to
allein,alone
alleine,alone
entlang,along
alpha,alpha
bereits,already
auch,also
obwohl,although
immer,always
stets,always
bin,am
stehe,am
amanda,amanda
tolle,amazing
erstaunlich,amazing
botschafter,ambassador
krankenwagen,ambulance
amen,Amen
amerika,America
amerikanische,American
amerikanischen,American
amerikaner,American
munition,ammunition
darunter,among them
menge,amount
amüsieren,amuse
amy,amy
vorfahren,ancestors
und,and
and,and
andrew,andrew
andy,andy
engel,Angel
angela,angela
angeles,angeles
zorn,anger
wütend,angry
sauer,angry
tier,animal
tiere,animals
anna,Ann
ann,ann
anne,anne
annie,annie
nerven,annoy
anderer,another
weiterer,Another
ans,ans
antwort,answer
beantworten,answer
antworte,answer
worten,answer
anthony,anthony
anton,anton
irgendwelche,any
irgendein,any
irgend,any
irgendeinem,any
irgendeinen,any
keinem,any
irgendeine,any
niemanden,anyone
irgendjemand,anyone
irgendwer,anyone
irgendwas,anything
irgendetwas,anything
sowieso,anyway
abgesehen,apart
auseinander,apart
apartment,apartment
entschuldigt,apologizes
apparat,apparatus
offenbar,apparently
anscheinend,apparently
erscheinen,appear
erscheint,appear
aussehen,appearance
schien,appeared
appetit,appetite
applaus,applause
antrag,application
gilt,applies
verabredet,appointment
angehen,approach
nähert,approaches
bestätigt,approved
etwa,approximately
ungefähr,approximately
april,April
archer,archer
sind,are
bist,are
seid,are
seien,are
fährst,are going
befinden,are located
gegend,area
gebiet,area
bereich,Area
streit,argument
ari,ari
bewaffnet,armed
armee,army
um,around
herum,around
verhaftet,arrested
festgenommen,arrested
ankunft,arrival
ankommen,arrive
angekommen,arrived
kunst,art
art.,art.
arthur,arthur
künstler,Artist
sowie,as
angeht,As for
solange,as long as
sobald,as soon as
ebenso,as well
asche,ash
fragen,ask
bitten,ask
fragst,ask
stellst,ask
gefragt,asked
gebeten,asked
bat,asked
fragte,asked
fragt,asks
bittet,asks
arsch,ass
esel,ass
arschloch,asshole
arschlöcher,assholes
auftrag,assignment
assistentin,assistant
versichere,assure
bei,at
gar,at all
überhaupt,at all
jederzeit,at any time
zuhause,At home
endlich,at last
wenigstens,at least
zumindest,at least
mindestens,at least
letztendlich,at long last
nachts,at night
am,at the
beim,at the
höchstens,at the most
angriff,attack
angreifen,attack
angegriffen,attacked
greift,attacks
versuch,attempt
vorsicht,Attention
aufmerksamkeit,attention
aufmerksam,attentively
einstellung,attitude
anziehen,attract
angezogen,attracted
attraktiv,attractive
zieht,attracts
au,au
publikum,audience
audrey,audrey
august,August
tante,aunt
autor,author
behörden,authorities
auto,automobile
avenue,avenue
vermeiden,avoid
wach,awake
bewusstsein,awareness
entfernt,away
hinweg,away
krass,awesome
furchtbar,awful
aye,aye
b,b
b.,b.
babe,babe
babys,Babies
schätzchen,baby
zurück,back
damals,back then
hintergrund,background
schlecht,bad
schlimm,bad
schlechte,bad
bösen,bad
schlechten,bad
schlechtes,bad
schlimmes,bad
schlimme,bad
mies,bad
böses,bad
böser,bad
pech,bad luck
unglück,bad luck
tasche,bag
sack,bag
gepäck,baggage
taschen,bags
köder,bait
baker,baker
ball,ball
bande,band
knall,bang
bank,Bank
bar,bar
barbara,barbara
kaum,barely
scheune,barn
barney,Barney
baron,baron
fass,barrel
barry,barry
basis,Base
keller,"basement, cellar"
bastard,bastard
schläger,bat
bad,bath
badezimmer,bathroom
schlacht,battle
sein,be
sei,be
be,be
schämen,be ashamed
heißen,be called
stimmen,be right
irren,be wrong
strand,Beach
ertragen,bear
bär,bear
bart,beard
bestie,beast
biest,beast
schlagen,beat
schlug,beat
schlägst,beat
klopfen,beat
verprügelt,beat
geschlagen,beaten
schlägt,beats
schon,beautiful
schön,beautiful
schönen,beautiful
wunderschön,beautiful
schönes,beautiful
wunderschöne,beautiful
schönheit,beauty
freu,became
denn,because
weil,because
wegen,because of
meinetwegen,because of me
deinetwegen,because of you
becky,becky
geworden,become
wird,becomes
bett,bed
schlafzimmer,bedroom
gewesen,been
worden,been
gestanden,been
bier,beer
bevor,before
vorher,before
zuvor,before
davor,before
wovor,before what
begonnen,began
beginnen,begin
start,begin
fängst,begin
anfang,Beginning
beginn,beginning
benehmen,behavior
verhalten,behavior
hinter,Behind
hinten,behind
dahinter,behind it
wesen,being
glauben,believe
geglaubt,believed
glaubt,believes
gehören,belong
gehörst,belong
gehöre,belong
gehörte,belonged
gehört,belongs
geliebten,beloved
unten,below
gürtel,belt
bauch,belly
ben,ben
nützt,benefits
benjamin,Benjamin
benny,benny
berlin,Berlin
bernard,bernard
daneben,Besides
beste,best
besten,best
bestes,best
bester,best
wette,bet
wetten,bet
beth,beth
verraten,betray
besser,better
besseres,better
bessere,better
besseren,better
zwischen,between
betty,betty
jenseits,beyond
bibel,Bible
fahrrad,bicycle
groß,big
big,big
größten,biggest
bill,bill
milliarden,billions
billy,billy
vogel,bird
vögel,birds
geburt,birth
geburtstag,birthday
miststück,bitch
beißen,bite
gebissen,bitten
schwarze,black
schwarzen,black
schwarz,black
black,black
schwarzer,black
klinge,blade
blair,blair
segne,bless
segen,blessing
blind,blind
block,block
blut,blood
blutdruck,blood pressure
schlag,blow
blasen,blow
blau,blue
blauen,blue
blue,blue
blaue,blueness
board.tv4user.de,board.tv4user.de
boot,boat
bob,bob
bobby,Bobby
körper,body
leib,body
bombe,bomb
bomben,bomb
knochen,bone
bonnie,bonnie
buch,book
bücher,Books
stiefel,Boots
grenze,border
grenzen,border
langweilig,boring
geboren,born
boss,boss
chef,boss
boston,Boston
beide,both
beiden,both
beides,both
störe,bother
flasche,bottle
flaschen,bottles
gekauft,Bought
kaufte,bought
gefesselt,bound
kiste,box
schachtel,box
junge,Boy
boy,boy
jungen,boys
brad,brad
hirn,brain
gehirn,brain
marke,brand
mutig,brave
tapfer,brave
bravo,Bravo
pause,Break
brechen,break
beenden,break up
frühstück,breakfast
bricht,breaks
titten,breasts
brüste,breasts
atem,breath
atme,breathe
atmet,breathes
brian,brian
braut,bride
brücke,bridge
hell,bright
brillant,brilliant
bringen,bring
bring,bring
bringe,bring
bringst,bring
mitbringen,bring
bringt,brings
sendung,broadcast
brach,broke
pleite,broke
kaputt,broken
gebrochen,Broken
bruders,brother
bruder,brothers
brüder,brothers
gebracht,brought
brachte,brought
mitgebracht,brought
geholt,brought
brachten,brought
brown,brown
bruce,bruce
putzen,brush
brutal,brutally
eimer,bucket
bud,bud
buffy,buffy
aufbauen,build up
gebäude,building
baut,builds
gebaut,built
aufgebaut,built up
bulle,bull
kugel,Bullet
stoßen,bump
einbruch,Burglary
verbrennen,burn
brennen,burn
brennt,burns
verbrannt,burnt
bus,bus
geschäft,business
betrieb,business
geschäfte,businesses
aber,but
doch,but
hintern,butt
butter,butter
kaufe,buy
kauft,buys
stimmengewirr,buzz
durch,by
per,by
by,by
indem,by doing
übrigens,by the way
apropos,by the way
nebenbei,by the way
aufgrund,by virtue of
womit,by which
woran,by which
tschüss,bye
tschüs,Bye
bye,bye
umgehen,bypass
c,c
c.,c.
schrank,cabinet
käfig,Cage
kuchen,cake
wade,calf
kalifornien,California
ruf,call
nennen,call
rufen,call
anrufen,call
rufe,call
anruf,Call
nenne,call
nenn,call
nennst,call
rufst,call
anzurufen,call
angerufen,called
namens,called
gerufen,called
genannt,called
ruft,calls
anrufe,Calls
ruhig,calm
beruhige,calm down
beruhigt,calmed down
gelassen,calmly
kam,came
gekommen,came
kamen,came
kamst,came
hergekommen,came here
kamera,camera
kameras,cameras
tarnung,camouflage
camp,camp
kann,can
können,can
kannst,can
könnt,can
can,can
kanada,Canada
aufgehoben,canceled
krebs,cancer
kanone,cannon
hut,cap
vermögen,capital
captain,captain
kapitän,captain
hauptmann,captain
gefangen,captured
karten,cards
gekümmert,care
karriere,Career
vorsichtig,carefully
carl,carl
carlos,carlos
carol,carol
caroline,caroline
teppich,carpet
carrie,carrie
getragen,carried
tragen,carry
durchführen,carry out
autos,cars
carter,carter
fall,case
falle,cases
fälle,cases
casey,casey
bargeld,Cash
castle,castle
katze,cat
katastrophe,catastrophe
erwischen,catch
fängt,catches
catherine,catherine
katzen,cats
vieh,cattle
erwischt,Caught
gefangenen,caught
geschnappt,caught
verursacht,caused
höhle,cave
decke,ceiling
feier,celebration
zelle,cell
cent,cent
mitte,center
zentrum,center
zentrale,central
jahrhundert,century
gewisse,certain
bestimmten,certain
bestimmte,certain
bestimmt,certainly
gewiss,certainly
ch00ffff,ch00ffff
kette,Chain
stuhl,chair
herausforderung,Challenge
champagner,champagne
chance,chance
ändert,change
verändern,change
veränderung,change
verändert,changed
geändert,changed
sender,Channel
kanal,channel
chaos,chaos
kapitel,chapter
zeichen,character
charakter,character
ladung,charge
charles,charles
charlie,charlie
charlotte,charlotte
charmant,charming
chase,chase
geiseln,chastise
billig,cheap
betrügen,cheat
betrogen,cheated
überprüfen,check
kontrollieren,check
scheck,check
prüfen,check
nachsehen,check
überprüft,checked
prost,cheers
käse,cheese
brust,chest
chffffff,chffffff
schicke,chic
chicago,Chicago
hühnchen,chicken
huhn,chicken
chief,chief
kind,child
kindes,child
kindheit,childhood
kinder,children
kindern,children
china,China
chinesen,chinese
chip,chip
chloe,chloe
schokolade,chocolate
wahl,choice
aussuchen,choose
wählen,choose
gewählt,chosen
chris,chris
christus,Christ
christian,Christian
christine,christine
weihnachten,Christmas
christopher,christopher
chuck,chuck
kirche,church
cia,cia
ciao,ciao
zigarette,Cigarette
zigaretten,cigarettes
cindy,cindy
kreis,circle
umständen,circumstances
umstände,circumstances
zirkus,circus
bürger,citizens
stadt,city
city,City
behaupten,claim
behauptet,claims
claire,claire
clara,clara
clarence,clarence
geklärt,clarified
klären,clarify
clark,clark
schließe,clasp
klasse,class
unterricht,classes
clay,clay
sauber,clean
klar,clear
deutlich,clear
räumen,clear
löschen,Clear
abhauen,clear out
eindeutig,clearly
schlau,clever
clever,clever
geschickt,cleverly
klienten,client
steigen,climb
klinik,clinic
uhr,Clock
nah,close
dicht,close
geschlossen,closed
eng,closely
näher,closer
schließ,closing
klamotten,clothes
kleider,clothes
clown,clown
club,club
coach,coach
kutsche,coach
kohle,coal
küste,coast
mantel,coat
code,code
kaffee,coffee
café,coffee shop
sarg,coffin
zufall,coincidence
zufällig,coincidentally
kalt,cold
kalte,cold
cole,cole
kollege,colleague
kollegen,colleagues
sammeln,collect
gefasst,collected
college,college
colonel,colonel
oberst,colonel
farbe,colour
farben,Colours
colt,colt
koma,coma
kommen,come
stammen,come
mitkommen,come along
wiederkommen,come back
zurückkommen,Come back
herkommen,come here
reinkommen,come in
los,Come on
rauskommen,come out
komm,come over
vorbeikommen,come round
einfallen,come to mind
bequem,comfortable
komische,comic
kommt,coming
kommst,coming
befehl,command
kommando,command
befohlen,commanded
commander,commander
kommandant,commander
befehle,commands
kommissar,commissioner
begehen,commit
einsatz,commitment
begangen,committed
verpflichtet,Committed
gemeinsame,common
gemein,common
unternehmen,Companies
firma,company
vergleich,comparison
wettbewerb,competition
komplett,complete
beendet,completed
abgeschlossen,completed
völlig,completely
vollkommen,completely
vollständig,Completely
kompliziert,complicated
kompliment,compliment
computer,computer
besorgt,concerned
betrifft,concerns
bedenken,concerns
konzert,concert
bedingungen,conditions
leiten,conduct
gestehen,confess
geständnis,confession
durcheinander,confused
verwirrt,confused
glückwunsch,congratulation
gratuliere,congratulations
verbinden,connect
verbunden,connected
verbindung,connection
connor,connor
gewissen,conscience
folgen,consequences
konsequenzen,consequences
überlegen,consider
betrachten,consider
überlegt,considered
betrachtet,considered
bestehen,consist
besteht,consists
trost,consolation
ständig,constantly
dauernd,constantly
verfassung,constitution
bau,construction
befragen,consult
kontakt,Contact
weiter,continue
vertrag,contract
gegensatz,contrast
kontrolle,control
kontrolliert,controlled
gespräch,conversation
gespräche,conversations
überzeugt,convinced
kochen,Cook
koch,cook
gekocht,cooked
kekse,Cookies
cool,cool
cooper,cooper
koordinaten,coordinates
cop,cop
bullen,cops
cops,cops
kopie,Copy
ecke,corner
leiche,corpse
leichen,corpses
richtig,correct
korrektur,correction
korrekt,correctly
gang,corridor
kostet,costs
kosten,costs
kostüm,costume
kate,cottage
couch,couch
hustet,coughs
könnte,could
konnte,could
könnten,could
könntest,could
konnten,could
konntest,could
ließen,could
durfte,could
könne,could
könntet,could
rechnen,count
zähle,count
zählen,counting
land,country
landes,country
staat,Country
zählt,counts
county,county
mut,courage
kurs,course
hof,court
cousin,cousin
cousine,cousin
deckung,cover
decken,cover
kuh,cow
feigling,coward
cowboy,cowboy
gemütlich,cozy
knacken,crack
gerissen,cracked
spinner,crackhead
craig,craig
scheiße,crap
beschissen,crappy
kisten,crates
verrückte,crazy
verrückten,crazy
verrückter,crazy
irre,crazy
spinnst,crazy
schaffen,create
schaffe,create
erschaffen,create
geschaffen,created
schafft,creates
schaff,creating
kreatur,creature
bach,creek
unheimlich,creepy
crew,crew
rief,cried
geweint,cried
verbrechen,crime
tatort,crime scene
verbrecher,criminal
krise,crisis
schief,crooked
kreuz,cross
krone,Crown
schreie,cry
weinen,cry
weine,cry
kultur,Culture
tasse,Cup
neugierig,curious
gespannt,curious; excited
laufenden,current
momentan,currently
fluch,curse
verflucht,cursed
curtis,curtis
brauch,custom
kunde,customer
kunden,Customers
getrennt,Cut
schnitt,cut
niedlich,cute
süßer,cutie pie
d,d
dad,dad
daddy,daddy
papi,daddy
daisy,daisy
schaden,damage
beschädigt,damaged
mist,damn
verdammt,damned
verdammte,damned
verdammten,damned
dan,Dan
dana,dana
tanz,dance
tanzt,dances
gefahr,danger
achtung,Danger
gefährlich,dangerous
daniel,Daniel
danny,danny
wagen,dare
dunkel,dark
dunkle,dark
dunklen,dark
dunkeln,dark
dunkelheit,Darkness
daten,Data
data,data
date,date
stammt,dates
tochter,daughter
töchter,daughters
dave,dave
david,David
davis,davis
tag,Day
tages,day
tage,days
de,de
tot,dead
tote,dead
toter,Dead
taub,deaf
deal,deal
zurecht,deal
dean,dean
lieber,Dear
lieb,dear
liebes,dear
tod,death
todes,death
tode,Deaths
betrüger,deceiver
anständig,decent
entscheiden,decide
entscheide,decide
entschieden,decided
beschlossen,decided
entscheidet,decides
entscheidung,decision
bescheid,decision
entscheidungen,decisions
deck,deck
erkläre,declare
abgelehnt,declined
tief,deep
besiegen,defeat
besiegt,defeated
verteidigen,defend
verteidigung,defense
definitiv,definitely
sicherlich,definitely
grad,Degree
verspätung,delay
gelöscht,deleted
bewusst,deliberately
köstlich,delicious
lecker,delicious
liefern,deliver
geliefert,delivered
lieferung,delivery
verlange,demand
dämon,demon
damon,demon
dämonen,demons
zeigen,demonstrate
bewiesen,demonstrated
dennis,dennis
abteilung,Department
einsetzen,deploy
kaution,deposit
tiefe,depth
derek,derek
beschreiben,describe
beschreibung,description
wüste,desert
verdiene,deserve
verlangen,desire
verzweifelt,desperate
vernichten,destroy
zerstört,destroyed
vernichtet,destroyed
zerstörung,destruction
details,details
erkennen,detect
detective,detective
bestimmen,determine
entschlossen,determined
entwickeln,develop
entwickelt,developed
entwicklung,development
gerät,device
geraten,devices
teufel,devil
dexter,dexter
diamanten,diamonds
diana,Diana
diane,diane
tagebuch,diary
tat,did
that,did
sterbe,die
stirbst,die
stirb,die
gestorben,died
starb,died
starben,died
diego,Diego
stirbt,dies
unterschied,difference
anders,different
verschiedenen,different
schwierig,difficult
grab,dig
graben,dig
dinger,dinger
abendessen,dinner
richtung,direction
direkt,directly
direktor,director
regisseur,Director
dreck,dirt
versaut,dirty
schmutzig,dirty
mistkerl,dirty swine
verschwinden,disappear
verschwinde,disappear
verschwunden,disappeared
verschwand,disappeared
verschwindet,disappears
enttäuschen,disappoint
enttäuscht,disappointed
abhalten,discourage
entdecken,discover
entdeckt,discovered
besprechen,discuss
besprochen,discussed
diskussion,discussion
widerlich,disgusting
ekelhaft,disgusting
eklig,disgusting
gericht,dish
entlassen,dismiss
störung,disorder
verzichten,dispense
anzeige,display
verfügung,disposal
abstand,distance
entfernung,distance
not,distress
verteilt,distributed
gestört,disturbed
stört,disturbs
taucht,dive
teilen,divide
scheidung,divorce
scheiden,divorce
geschieden,divorced
dna,dna
machen,do
tust,do
tue,do
do,do
anstellen,do
antun,do to
doc,doc
doktor,doctor
arzt,doctor
doctor,doctor
ärztin,doctor
ärzte,doctors
unterlagen,documents
dokumente,Documents
tut,does
hund,dog
hunde,dogs
machst,doing
taten,doings
puppe,Doll
dollar,dollar
don,Don
spenden,donate
getan,done
geschehen,done
erledigt,done
geleistet,done
angetan,done
donna,donna
tür,door
türen,doors
doppelt,double
zweifel,doubt
bezweifle,doubt
doug,doug
hin,down
runter,down
dutzend,dozen
dr.,dr.
drachen,dragon
drama,drama
dramatische,dramatic
trank,drank
nähern,draw closer
lade,drawer
gezogen,drawn
schrecklich,dreadful
traum,dream
träumen,dream
geträumt,dreamed
träume,dreams
kleid,dress
kleidung,dress
zog,drew
trinken,drink
drink,drink
trinke,drink
trinkst,drink
trink,drinking
trinkt,drinking
drinks,drinks
fahren,drive
getrieben,driven
fahrer,driver
führerschein,driver's license
treibt,drives
fahr,driving
tropfen,drops
fuhr,drove
medikamente,drug
drogen,drugs
drum,drum
betrunken,drunk
getrunken,drunk
trocken,dry
kumpel,Dude
duke,duke
herzog,duke
blödmann,dumbass
dummer,dumber
bestand,duration
staub,dust
dylan,dylan
e,e
jeden,each
jede,each
jedes,each
jedem,each
einzelnen,each
einander,each other
gegenseitig,each other
ohr,ear
earl,earl
graf,earl
früher,earlier
vorhin,earlier
früh,early
verdient,earned
verdienst,earnings
ohren,ears
erde,earth
erden,earth
einfacher,easier
osten,east
einfache,easy
essen,eat
esse,eat
fressen,eat
gegessen,eaten
isst,eats
frisst,eats
ed,ed
eddie,eddie
rand,edge
studiert,educated
edward,edward
wirkung,effect
mühe,effort
ei,egg
eier,eggs
eh,eh
acht,eight
achte,eighth
entweder,either
el,el
vergehen,elapse
kabel,electric wire
strom,electricity
elena,elena
aufzug,elevator
elf,eleven
elizabeth,elizabeth
ellen,ellen
ellie,ellie
verlegen,embarrassed
peinlich,embarrassing
botschaft,Embassy
notfall,emergency
emily,Emily
emma,emma
bewegt,emotional
gefühle,emotions
kaiser,Emperor
beschäftigt,employed
angestellt,employed
mitarbeiter,Employee
leer,empty
leere,empty
ende,end
enden,end up
endet,ends
aufhört,ends
feinde,enemies
feind,enemy
energie,energy
verlobt,engaged
motor,engine
england,England
Deutsch,English
englisch,English
engländer,English people
genießen,enjoy
angenehm,enjoyable
genossen,enjoyed
genug,enough
reicht,enough
schluss,Enough
genügt,enough
genügend,enough
eingehen,enter
einsteigen,enter
enterprise,enterprise
unterhaltung,entertainment
eingang,entrance
folge,episode
gleich,equal
gleichen,equal
ausrüstung,equipment
eric,eric
erin,erin
fehler,error
entkommen,escape
abgehauen,escape
besonders,especially
gründen,establish
schätzen,estimate
ewigkeit,eternity
ethan,ethan
euro,Euro
europa,Europe
eva,eva
abend,Eve
sogar,even
ereignisse,events
je,ever
jemals,ever
täglich,Every day
jeder,everyone
alles,everything
böse,evil
übel,evil
ex,ex
übertrieben,exaggerated
prüfung,exam
untersuchung,examination
untersucht,examined
beispiel,example
exzellenz,excellency
ausgezeichnet,excellent
außer,except
ausnahme,exception
aufgeregt,excited
begeistert,excited
aufregung,excitement
spannende,exciting
aufregend,exciting
ausflug,Excursion
entschuldigung,Excuse me
entschuldige,Excuse me
ausreden,excuses
befreit,exempt
übung,exercise
erschöpft,exhausted
existieren,exist
existenz,existence
ausgang,exit
erwarten,expect
erwarte,expect
erwartest,expect
werd,expectant
erwartet,expected
teuer,expensive
erfahrung,Experience
erleben,experience
erfahren,Experienced
erlebt,experienced
experiment,experiment
erklärt,explained
erklärung,Explanation
erklär,explanatory
explodiert,explodes
explosion,explosion
ausgesetzt,exposed
ausdruck,Expression
extra,extra
extrem,extreme
äußerst,extremely
ey,ey
auge,eye
augen,eyes
fabelhaft,fabulous
gesicht,face
gesichter,faces
erleichtert,facilitated
tatsache,fact
fabrik,factory
fakten,facts
versagt,failed
versager,failure
fair,fair
märchen,fairy tale
glaube,faith
fallen,fall
stürzen,fall
verlieben,falling in love
fällt,falls
falsche,false
falschen,false
falsches,false
ruhm,Fame
vertraut,familiar
familie,family
familien,Familys
berühmt,famous
fan,fan
schick,fancy
fantastisch,fantastic
fantasie,fantasy
weit,far
abschied,farewell
farm,farm
bauer,Farmer
bauern,farmers
weiterhin,Farther
faszinierend,fascinating
schnell,fast
schnelle,fast
fett,fat
schicksal,fate
vater,father
papa,father
vaters,father
pater,father
väter,fathers
schuld,fault
liebling,favorite
liebsten,favorite
liebste,favorite
fbi,fbi
angst,fear
fürchte,fear
furcht,fear
befürchte,fear
satt,Fed up
füttern,feed
fühle,feel
fühlen,feel
fühlst,feel
spüren,feel
spüre,feel
gefühl,feeling
fühl,feeling
fühlt,feels
füße,feet
füßen,feet
felix,felix
fiel,fell
schlief,fell asleep
eingeschlafen,fell asleep
bursche,fellow
gefühlt,felt
fühlte,felt
zaun,fence
fieber,fever
wenige,few
wenigen,few
feld,field
kämpfen,fight
streiten,fight
kämpfe,fight
kämpft,fight
bekämpfen,fight
kämpfer,fighter
figur,figure
akte,file
akten,files
filmen,film
endgültig,finally
finden,Find
finde,find
findest,find
herausfinden,find out
rausfinden,find out
findet,finds
prima,fine
fein,fine
bestraft,fined
finger,finger
fingerabdrücke,fingerprints
fertig,finished
finn,finn
feuer,Fire
brand,fire
gefeuert,fired
fest,firmly
erst,first
erste,first
ersten,first
zuerst,first
erster,first
erstes,first
erstens,first
zunächst,first
fisch,fish
fische,fishes
fang,fishing
angeln,fishing
angel,fishing rod
faust,fist
passt,fit
passen,fit
fünf,five
flammen,Flames
klappe,flap
wohnung,flat
geflohen,fled
fliehen,flee
flotte,fleet
fleisch,flesh
flog,flew
fliegt,flies
flucht,flight
flug,flight
treiben,float
stock,floor
florida,Florida
fluss,flow
blume,flower
blumen,flowers
geflogen,flown
fliege,Fly
konzentrieren,focus
nebel,fog
geklappt,folded
klappt,folds
verfolgen,follow
gefolgt,followed
folgendes,following
folgt,follows
nahrung,food
dummkopf,fool
narren,fool
narr,fool
fuß,foot
football,football
für,For
fürs,for
for,for
umsonst,for free
erstmal,for now
zurzeit,for now
sicher,for sure
dafür,for this
wofür,for what
jahrelang,for years
verboten,forbidden
kraft,force
gezwungen,forced
ford,ford
stirn,forehead
fremde,foreign
fremder,foreign
ausland,foreign countries
wald,Forest
ewig,forever
vergiss,forget
vergesse,forget
vergesst,forget
vergisst,forgets
verzeihen,forgive
verzeih,forgive
vergib,forgive
vergeben,forgive
verzeihung,forgiveness
vergebung,forgiveness
verzeiht,forgives
vergaß,forgot
bilden,form
glücklicher,fortunately
vorwärts,forward
gekämpft,fought
gestritten,fought
gefunden,found
fand,found
fanden,found
herausgefunden,found out
brunnen,Fountain
vier,four
frankreich,France
francis,francis
francisco,francisco
frank,frank
frankie,frankie
freak,freak
fred,fred
frei,free
freie,free
freier,free
freien,free
freiheit,freedom
französisch,French
franz,French
franzosen,French people
frisch,fresh
frische,fresh
freitag,Friday
kühlschrank,fridge
freund,friend
freundlich,friendly
befreundet,friendly
freunde,friends
freunden,friends
freundschaft,Friendship
erschreckt,frightened
ab,from
vom,from
davon,from that
daraus,from that
woher,from where
vorn,front
vorm,front
front,front
matt,frosted
fick,fuck
fuck,fuck
ficken,fuck
vögeln,fuck
gefickt,fucked
verdammter,fucking
verdammtes,fucking
erfüllen,fulfill
erfüllt,Fulfills
voll,full
volle,full
voller,full of
spaß,fun
funktionieren,function
beerdigung,funeral
lustig,funny
komisch,funny
witzig,funny
weitere,Further
wut,fury
zukunft,future
g,G
spiel,game
spiele,games
gangster,gangster
garage,garage
garten,garden
gary,gary
gas,gas
tor,gate
gab,gave
general,general
generation,generation
großzügig,generously
genie,genius
gentleman,gentleman
gentlemen,gentlemen
sachte,gently
sanft,gently
george,George
deutsche,German
deutschen,German
deutsch,German
german,German
deutschland,Germany
komme,get
hole,get
holt,get
kriegst,get
bekomme,get
bekommst,get
aussteigen,get out
loswerden,Get rid of
besorge,get you
bekommt,gets
kriegt,gets
geist,ghost
geister,ghosts
riesigen,giant
riesen,Giants
geschenk,gift
gabe,gift
gaben,gifts
geschenke,gifts
mädchen,girl
mädel,girl
girl,girl
freundin,girlfriend
freundinnen,girlfriends
mädels,girls
geben,give
gib,give
gebe,give
gibst,give
gebt,give
schenken,give
geb,give
gegeben,given
geschenkt,given
aufgegeben,given up
gibt,gives
froh,glad
gern,gladly
glas,Glass
brille,glasses
gloria,gloria
herrlich,gloriously
gehen,go
geh,go
gehe,go
go,go
hingehen,go forth
reingehen,go in
weitergehen,go on
rausgehen,go out
ausgehen,go out
durchgehen,go through
gott,God
gottes,god
götter,gods
geht,going
gehst,going
gold,gold
goldene,golden
guten,good
gutes,good
guter,goods
gordon,gordon
bekam,got
bekamen,got
gekriegt,got
kapiert,Got it
geheiratet,got married
muss,got to
muß,got to
regierung,government
gouverneur,governor
schnappen,grab
packt,grabs
gnade,grace
grace,grace
grade,grade
noten,grades
abschluss,graduation
großvater,grandfather
grandma,grandma
großmutter,grandmother
opa,Grandpa
grandpa,grandpa
enkel,grandson
grant,grant
oma,granny
gras,grass
dankbar,grateful
friedhof,graveyard
grey,gray
toll,Great
großartig,Great
großes,great
toller,great
tolles,great
tollen,great
großartige,great
großer,greater
größer,greater
größte,greatest
grünen,green
green,green
grüne,green
grün,green
grüße,greetings
greg,greg
aufgewachsen,grew up
ächzt,groans
boden,ground
gruppe,group
group,group
knurrt,growling
gewachsen,grown
erwachsen,grown up
wächst,grows
grüß,grüß
garantiert,guaranteed
wache,guard
wächter,Guardian
raten,guess
gast,guest
gäste,Guests
führung,guide
geführt,guided
schuldig,guilty
gewehr,gun
gus,gus
kerl,Guy
jungs,guys
kerle,guys
h,H
ha,Ha
hab,hab
hatten,had
hätten,had
hättest,had
hattest,had
gehabt,had
mussten,had
musste,had to
musstest,had to
haare,hair
haar,hair
frisur,hairstyle
hälfte,half
halb,half
halbe,half
halben,half
halbes,half
flur,Hall
heiligen,hallow
hammer,hammer
hand,hand
zurückgeben,hand back
handschellen,handcuffs
griff,Handle
hände,hands
händen,hands
hängen,hang
hängt,hangs
hank,hank
hanna,hanna
hannah,hannah
hans,Hans
passieren,happen
geschah,happened
passierte,happened
passiert,happens
geschieht,happens
glück,happiness
glücklich,happy
happy,happy
glückliche,happy
fröhlich,Happy
fröhliche,happy
hart,hard
harter,harder
harte,hardness
harold,harold
harris,harris
harry,harry
harvey,harvey
hat,Has
besitzt,has
wurde,has been
beeilt,hastens
luke,hatch
hasse,hate
hass,hate
gehasst,hated
hasst,hates
hätt,hätt
hau,hau
habe,have
hast,have
habt,have
besitzen,have
müssen,have to
mittagessen,Having lunch
gefahren,hazards
er,he
kopf,head
hauptquartier,headquarters
köpfe,heads
heilen,heal
geheilt,healed
gesundheit,health
gesund,healthy
haufen,heap
hör,hear
höre,hear
hörst,hear
hörte,heard
hörten,heard
hört,hears
herz,heart
herzen,heart
herzinfarkt,Heart attack
hitze,heat
himmels,heaven
schwer,heavy
heb,heb
höhe,height
hohe,height
hielt,held
gehalten,held
hielten,held
helen,helen
hubschrauber,helicopter
hölle,hell
hallo,Hello
helfen,help
hilfe,Help
hilft,help
hilf,help
helfe,help
hilfst,help
helft,help
geholfen,helped
half,helped
hilfreich,helpful
henry,henry
hier,here
her,here
hierher,here
hiermit,herewith
erbe,heritage
herman,herman
held,hero
helden,heroes
heroin,heroin
hey,hey
he,hey
hi,Hi
versteckt,hidden
verstecken,hide
verbergen,hide
versteck,hideout
hoch,high
high,high
hohen,high
highschool,high school
höher,higher
höchste,highest
hoheit,highness
hügel,hill
hill,hill
ihn,him
ihm,him
selber,himself
hinweise,hints
seine,his
seinen,his
seiner,his
seinem,his
seines,his
geschichte,history
traf,hit
triffst,hit
treffer,hit
hauen,hit
hitler,Hitler
hm,Hm
hmm,hmm
ho,ho
hogan,hogan
hol,hol
halten,hold
hältst,hold
festhalten,hold tight
loch,hole
holmes,holmes
holst,holst
heiliger,holy
holly,holly
hollywood,Hollywood
hause,home
heim,home
daheim,home
heimat,homeland
homer,homer
hausaufgaben,homework
ehrlich,honest
ehre,honor
haken,hook
nutte,hooker
hurra,Hooray
hoffe,hope
hoffnung,hope
gehofft,hoped
hoffte,hoped
hoffentlich,hopefully
hopp,hopp
grausam,horrible
pferd,horse
ross,Horse
reiten,horse riding
pferde,horses
krankenhaus,hospital
geisel,hostage
heiß,hot
geil,hot
hotel,hotel
stunde,hour
stunden,hours
haus,House
house,house
hauses,house
häuser,Houses
wie,how
wieviel,how much
wieso,how so
howard,howard
jedoch,however
heulen,howl
großen,huge
riesige,huge
riesig,huge
hä,huh
huh,huh
menschliche,human
menschlichen,human
menschlich,human
schwul,humid
humor,humor
hundert,hundred
hunderte,hundreds
hunger,hunger
hungrig,hungry
jagd,hunt
gejagt,hunted
jäger,Hunter
jagt,hunts
eilig,hurried
beeil,hurry
beeilen,hurry
eile,Hurry
beeilung,Hurry up
wehgetan,hurt
wehtun,hurt
ehemann,husband
hütte,hut
ich,I
i,i
genau,I agree
einverstanden,I Agree
scheißegal,I do not give a shit
eis,ice
island,Iceland
ahnung,idea
idee,idea
vorstellung,idea
ideen,ideas
ausweis,identification card
identifiziert,identified
identifizieren,identify
identität,identity
schwachsinn,idiocy
idiot,idiot
idioten,idiot
wenn,if
ob,if
falls,if
miss,ill
krank,ill
illegal,illegal
krankheit,illness
vorstellen,imagine
sofort,immediately
flehe,implore
bedeutung,importance
wichtig,important
wichtige,important
wichtiges,important
wichtigen,important
unmöglich,impossible
beeindruckt,impressed
eindruck,impression
beeindruckend,impressive
verbessern,improve
in,in
herein,in
hinein,in
jedenfalls,in any case
vor,in front
drin,in it
verliebt,in love
damit,in order to
trotz,in spite of
bezüglich,in terms of
im,in the
ins,in the
schließlich,in the end
abends,in the evening
mitten,in the middle
morgens,In the morning
darin,in this
pünktlich,in time
rechtzeitig,in time
angesichts,in view of
vorfall,incident
schließt,includes
steigt,increases
unglaublich,incredible
tatsächlich,indeed
allerdings,Indeed
indien,India
indianer,Indian
drinnen,indoors
baby,infant
krankenstation,infirmary
einfluss,influence
informationen,information
information,information
informiert,informed
genial,ingenious
verletzt,injured
inneren,inner
innere,inner
unschuld,innocence
unschuldig,innocent
unschuldige,innocent
unschuldigen,innocent
verrückt,insane
wahnsinnig,insane
innen,Inside
inspektor,inspector
inspector,inspector
stattdessen,instead
statt,instead of
anstatt,instead of
anweisungen,instructions
versicherung,insurance
intelligent,intelligent
absicht,intention
absichtlich,intentionally
interesse,interest
interessieren,interest
interessiert,Interested
interessant,Interesting
interessante,interesting
zwischenzeit,interim
internet,Internet
unterbrechen,interrupt
interview,interview
erfunden,invented
anlegen,invest
untersuchen,investigate
sucht,investigated
ermittlungen,investigations
einladung,invitation
einladen,invite
eingeladen,invited
rechnung,invoice
beteiligt,involved
verwickelt,involved
ist,is
is,is
befindet,is
dient,is
heißt,is called
nennt,is called
fehlt,is missing
schläft,is sleeping
arbeitet,is working
insel,island
iss,iss
es,it
daran,it
drauf,it
it,it
italien,Italy
artikel,items
jack,Jack
jacke,jacket
jackie,jackie
jackson,Jackson
jacob,jacob
gefängnis,jail
jake,jake
james,james
jamie,jamie
jane,jane
japan,Japan
jason,jason
jay,jay
eifersüchtig,jealous
jean,jean
jeannie,jeannie
jeff,jeff
jennifer,jennifer
jenny,jenny
jeremy,jeremy
trottel,jerk
penner,Jerk
jerry,jerry
jersey,jersey
jess,jess
jesse,jesse
jessica,jessica
jesus,Jesus
jude,Jew
schmuck,Jewellery
juden,Jewry
jill,jill
jim,jim
jim-bob,jim-bob
jimmy,Jimmy
jo,jo
arbeit,job
job,job
stelle,Job
beruf,job
jobs,jobs
joe,joe
joey,joey
john,John
john-boy,john-boy
johnson,johnson
johnny,johnny
witz,joke
scherz,joke
witze,joking
jonas,Jonah
jonathan,jonathan
jones,Jones
jordan,Jordan
joseph,joseph
josh,josh
fahrt,journey
freude,joy
juan,Juan
richter,judge
richten,judge
urteil,judgment
judy,judy
saft,juice
julia,julia
julian,Julian
julie,julie
juli,July
springt,jumps
juni,June
dschungel,jungle
junior,junior
kram,junk
nur,just
gerade,just
eben,just
bloß,just
knapp,just
ausgerechnet,just
gerecht,just
soeben,just
genauso,just like that
gerechtigkeit,justice
justin,justin
k,k
karen,karen
karl,karl
katherine,katherine
katie,katie
behalte,keep
weitermachen,keep going
hält,keeps
kelly,kelly
ken,ken
kent,kent
kenny,kenny
kevin,Kevin
schlüssel,key
entführt,kidnapped
entführung,kidnapping
kids,kids
töten,kill
umbringen,kill
toten,kill
töte,kill
umzubringen,kill
erledige,kill
getötet,killed
umgebracht,killed
tötete,killed
ums,killed
mörder,killer
killer,killer
tötet,killing
kilo,kilo
kilometer,kilometre
kim,kim
art,kind
nett,kind
gefälligst,kindly
könig,king
king,king
königs,King's
königreich,kingdom
kirk,kirk
küssen,kiss
kuss,kiss
küss,kiss
küsst,kissing
geküsst,kissing
küche,kitchen
klaus,Klaus
klink,klink
km,km
knie,knee
wusste,knew
wussten,knew
kannte,knew
wusstest,knew
kannten,knew
messer,knife
ritter,Knight
klopft,knocking
weißt,know
kennen,know
kenne,know
kennst,know
wisst,know
wüsste,know
gewusst,know
kennenzulernen,know
weisst,know
wüssten,know
know,know
wissen,knowledge
bekannt,known
gekannt,known
kennt,knows
kurt,kurt
kyle,kyle
lch,l
l,l
l.a.,L.A.
la,la
labor,laboratory
leiter,ladder
damen,Ladies
ladies,ladies
dame,lady
lady,lady
ladys,ladys
see,lake
lampe,lamp
lana,lana
lance,lance
landen,land
gelandet,landed
landet,lands
lane,lane
sprache,language
sprachen,languages
larry,larry
letzten,last
letzter,last
letztes,last
zuletzt,last
dauern,last
gedauert,lasted
dauert,lasts
spät,late
später,later
nachher,later
letzte,latest
lachen,laugh
lacht,laughs
gelächter,laughter
wäsche,Laundry
laura,laura
recht,Law
gesetz,law
gesetze,laws
anwalt,lawyer
anwältin,lawyer
anwälte,lawyers
legen,lay
hinlegen,lay down
schicht,layer
faul,lazy
pfund,lb
le,le
führe,lead
anführer,leader
führer,leader
wichtigste,leading
führt,leads
leck,leak
springen,leap
sprung,Leap
lernen,learn
lerne,learn
lernst,learn
gelernt,learned
lernte,learned
erfuhr,learned
lernt,learns
erfährt,learns
verlassen,leave
lasse,leave
hinterlassen,leave
überlassen,leave
verlasse,leave
lässt,leaves
lasst,leaves
verlässt,leaves
leb,leb
führte,led
lee,lee
links,Left
übrig,left
linken,left
verließ,left
linke,left
leg,leg
bein,leg
klage,legal action
lege,lege
sage,legend
legende,legend
beinen,legs
beine,legs
lemon,lemon
leihen,lend
leo,leo
leonard,leonard
weniger,Less
lektion,lesson
lass,let
laß,let
loslassen,let go
brief,letter
briefe,letters
ebene,level
lewis,lewis
lex,lex
lhr,LHR
lhrem,lhrem
lhrer,lhrer
liam,liam
lügner,liar
bibliothek,Library
liegen,lie
lüge,lie
gelogen,lied
belogen,lied to
angelogen,lied to
liegt,lies
lieutenant,lieutenant
leutnant,lieutenant
leben,Life
lebens,life
leicht,light
licht,light
leichte,light
leichter,lighter
blitz,lightning
lichter,lights
mag,like
gefallen,like
gefällt,like
magst,like
like,Like
sowas,like this
gefiel,liked
ebenfalls,Likewise
lily,lily
lincoln,lincoln
linda,linda
reihe,line
linie,line
verbindungen,links
löwen,lions
lippen,lips
lisa,lisa
liste,list
hören,Listen
anhören,listen to
zugehört,listened
bisschen,little
wenig,little
little,little
lebe,live
wohnen,live
lebst,live
wohne,live
lebend,live
wohnst,live
live,live
gelebt,lived
lebte,lived
lebten,lived
lebendig,lively
leber,liver
lebt,lives
wohnt,lives
wohnzimmer,living room
liz,liz
ll,ll
laden,load
last,load
geladen,loaded
brot,loaf
gemeinde,local community
orten,locate
lage,location
schloss,lock
verschlossen,locked
eingeschlossen,locked in
ausgeschlossen,locked out
eingesperrt,locked up
logan,logan
lois,lois
london,London
einsam,lonely
lange,Long
lang,long
langen,long
long,long
länger,longer
langer,longer
klo,loo
sieh,look
seht,look
freue,look
gucken,look
schaue,look
schaust,look
blicken,look
ansehen,look at
anschauen,look at
suchst,looking
freuen,looking forward
sieht,looks
aussieht,looks
schaut,looks
lord,lord
herrgott,lord god
verlierst,lose
abnehmen,lose weight
verlierer,loser
verliert,loses
verliere,losing
verlust,loss
verloren,lost
verpasst,lost
verlor,lost
viele,lots
lou,lou
laut,loud
lautes,loud
louis,louis
louise,louise
liege,lounger
liebe,love
lieben,love
liebst,love
love,love
geliebt,loved
liebte,loved
schöne,lovely
reizend,lovely
geliebte,Lover
liebhaber,Lover
liebt,loves
armer,low
nieder,low
armes,low
tiefer,lower
treu,loyal to
treue,loyalty
loyalität,loyalty
lucas,lucas
lucy,lucy
lust,lust
laute,Lute
lydia,Lydia
lügen,lying
lügt,lying
lügst,lying
liegst,lying
m,m
m.,m.
ma,ma
mac,mac
macgyver,macgyver
mach,mach
maschine,machine
maschinen,machinery
madam,madam
madame,madame
gemacht,made
geschafft,made
machte,made
machten,made
mademoiselle,mademoiselle
wahnsinn,madness
maggie,maggie
magie,magic
zauber,Magic
hauptsache,main thing
majestät,majesty
major,major
mache,make
fällen,make
macht,makes
ausmacht,makes
malcolm,malcolm
mann,man
mensch,man
mannes,man
schaffst,manage
leitung,management
manager,Manager
pflicht,mandatory
menschheit,mankind
manny,manny
karte,map
marcel,Marcel
marcus,marcus
margaret,margaret
maria,Maria
marie,marie
marine,marine
mark,mark
kenn,mark
markt,market
ehe,marriage
verheiratet,married
heiratet,married
heiraten,marry
heirate,marry
mars,Mars
marshall,marshall
martha,martha
martin,martin
marty,marty
mary,mary
maske,mask
mason,mason
meister,master
master,master
stoff,material
material,material
angelegenheit,matter
matthew,matthew
max,Max
darf,may
möge,may
mai,May
dürft,may
may,may
vielleicht,maybe
bürgermeister,mayor
mir,me
mich,me
me,me
meinen,mean
meinst,mean
bedeuten,mean
bedeutet,means
meint,means
gemeint,meant
inzwischen,meanwhile
media,media
medien,media
medizinische,medical
medizin,medicine
mittel,medium
tagen,meet
treffe,meet
wiedersehen,meet again
termin,meeting
meeting,meeting
verabredung,meeting
sitzung,meeting
trifft,meets
meg,meg
megan,megan
mitglied,member
mitglieder,members
erinnerungen,memories
erinnerung,memory
gedächtnis,memory
männer,Men
männern,men
herren,Men's
erwähnen,mention
erwähnt,mentioned
frohe,Merry
nachricht,message
getroffen,met
kennengelernt,met
begegnet,met
trafen,met
meter,meter
methode,method
mexiko,Mexico
mhm,mhm
mia,mia
miami,Miami
mäuse,mice
michael,Michael
michel,michel
michelle,michelle
mickey,mickey
mitternacht,midnight
dürfte,might
mike,mike
meilen,miles
miles,miles
militär,military
milch,milk
miller,miller
million,million
millionen,millions
mylord,milord
meiner,mine
meines,mine
meins,mine
mine,mine
pfarrer,minister
minister,minister
minute,minute
minuten,minutes
spiegel,mirror
vermisse,miss
vermissen,miss
verpassen,miss
vermisst,missing
gefehlt,missing
mission,mission
irrtum,mistake
versehen,Mistake
mister,mister
missverständnis,misunderstanding
mitchell,mitchell
mm,mm
stöhnen,moan
stöhnt,moans
handy,mobile
modell,model
molly,molly
mom,mom
moment,moment
augenblick,moment
mami,mommy
mommy,mommy
mona,mona
kloster,monastery
montag,Monday
geld,money
monica,monica
überwachen,monitor
monk,monk
affen,monkey
affe,monkey
monroe,monroe
monsieur,monsieur
monster,monster
monat,month
monate,months
monaten,months
stimmung,Mood
laune,mood
mond,moon
moral,moral
mehr,more
weiteren,more
desto,more
umso,more
größere,more
genauer,more accurate
schöner,more beautiful
wichtiger,more important
öfter,more often
schneller,more quickly
außerdem,Moreover
morgan,morgan
morris,morris
moskau,Moscow
meisten,most
meiste,most
schönste,most beautiful
meistens,mostly
motel,motel
mutter,mother
scheißkerl,motherfucker
mütter,mothers
motiv,motive
motorrad,motorcycle
haaren,moult
berg,mountain
berge,mountains
trauer,mourning
maus,mouse
mund,mouth
maul,mouth
bewegung,Move
rücken,move
bewegen,move
umziehen,move
verschieben,move
beweg,Move
ausziehen,move out
fährt,moves
film,Movie
kino,movie theater
filme,movies
herr,Mr
mr,mr
herrn,Mr
mr.,mr.
frau,Mrs
mrs,mrs
mrs.,mrs.
ms.,ms.
vieles,much
verarschen,muck around
fresse,mug
mulder,mulder
mum,mum
mama,mummy
mord,murder
mordes,murder
ermordet,murdered
morde,murders
murphy,murphy
museum,museum
musik,music
musst,must
mußt,must
meine,my
mein,my
meinem,my
my,my
rätsel,mystery
n,n
na,n / A
nackt,naked
heiße,name is
nannte,named
nannten,named
nämlich,namely
namen,names
nancy,nancy
nate,nate
nathan,nathan
nation,nation
natürlich,Naturally
natur,nature
ne,ne
nahe,Near
fast,nearly
beinahe,nearly
nötig,necessary
notwendig,necessary
hals,neck
ned,ned
brauchen,need
brauche,need
braucht,need
brauchst,need
müsst,need
benötigen,need
bräuchte,need
brauchte,needed
brauchten,needed
negativ,negative
verhandeln,negotiate
verhandlung,negotiation
nachbar,Neighbor
nähe,neighborhood
nachbarschaft,neighborhood
nachbarn,neighbours
neil,neil
weder,neither
nelson,nelson
nem,nEM
nen,nen
ner,ner
nervös,nervous
netz,network
nie,never
trotzdem,Nevertheless
neue,new
neuen,new
new,new
neues,new
neu,New
neuer,new
nachrichten,news
neuigkeiten,news
zeitung,newspaper
zeitungen,newspapers
nächste,next
nächsten,next
nächstes,next
neben,Next
nächster,Next
nebenan,next door
netten,nice
netter,nice
nettes,nice
nette,nice
nick,nick
nicole,nicole
nichte,niece
nigger,nigger
nacht,night
albtraum,nightmare
nächte,nights
nina,nina
neun,nine
nein,No
keine,no
kein,no
keinen,no
keins,no
keinerlei,no
no,no
egal,no matter
niemandem,no one
niemals,No way
nr.,No.
noah,Noah
niemand,nobody
geräusch,noise
lärm,noise
keiner,none
unsinn,nonsense
quatsch,nonsense
blödsinn,nonsense
mittag,noon
nee,nope
nö,nope
nora,nora
normal,normal
normaler,normal
normalen,normal
normales,normal
normale,normal
norman,norman
norden,north
nase,nose
nicht,Not
lhren,NOT CONNECT
falsch,not correct
unhöflich,not polite
hinweis,Note
zettel,note
merkt,noted
nichts,Nothing
nix,nothing
merken,notice
bemerkt,noticed
aufgefallen,noticed
gemerkt,noticed
roman,novel
jetzt,now
nun,now
nirgendwo,nowhere
nirgends,nowhere
nirgendwohin,nowhere
nummer,number
zahl,number
zahlen,numbers
krankenschwester,Nurse
o,O
einspruch,objection
beobachten,observe
beobachtet,observed
besessen,obsessed
kriegen,Obtain
offensichtlich,obviously
anlass,occasion
besetzt,occupied
auftreten,occur
tritt,occurs
auftritt,occurs
oktober,October
geruch,odor
von,of
des,of
of,of
selbstverständlich,Of course
der,of the
ihrer,of their
beleidigt,offended
täter,offender
angebot,offer
biete,offer
bieten,Offer
angeboten,offered
büro,office
amt,office
officer,officer
offizier,officer
offiziell,officially
oft,often
oh,Oh
ach,Oh
oje,oh dear
öl,oil
okay,OK
ok,OK
alte,old
alt,old
alten,old
altes,old one
älter,older
oliver,oliver
olivia,olivia
auf,on
an,on
fort,on
on,on
unterwegs,on road
dagegen,on the other hand
online,on-line
einmal,once
einst,once
nochmal,once again
einen,one
einem,one
einer,one
eines,one
eins,one
one,one
einzig,only
lediglich,only
einziger,only
aufs,onto
offen,open
geöffnet,open
aufmachen,open
öffne,open
eröffnen,open
öffnet,opens
op,operating room
meinung,opinion
gegner,opponent
chancen,opportunities
gelegenheit,opportunity
gegenteil,opposite
entgegen,opposite
möglichkeiten,options
oder,or
ordnung,order
bestellt,ordered
ordentlich,orderly
organisation,organization
original,original
oscar,oscar
anderen,other
andere,other
anderes,other
anderem,others
sonst,otherwise
ansonsten,otherwise
otto,otto
aua,ouch
unsere,our
unser,our
unserer,our
unseren,our
unserem,our
unseres,our
aus,out
raus,Out
heraus,out
hinaus,out
herauszufinden,out
out,out
draus,out of it
ausgeben,output
draußen,outside
außerhalb,outside
außen,Outside
hervorragend,outstanding
ofen,oven
rüber,over
übers,over
over,over
drüben,over there
gesamten,overall
übersehen,overlook
schulden,owe
schuldest,owe
schulde,owe
owen,owen
eigenen,own
eigene,own
eigener,own
eigenes,own
besitzer,owner
sauerstoff,oxygen
pa,pa
packen,pack
pack,pack
paket,package
seite,page
seiten,pages
bezahlt,paid
paige,paige
schmerzen,pain
schmerz,pain
gemälde,painting
paar,pair
palast,palace
palmer,palmer
panik,panic
keucht,pants
hosen,pants
papier,paper
papiere,papers
paradies,paradise
eltern,parents
paris,Paris
park,park
parker,parker
parkplatz,parking spot
teil,part
mitmachen,participate
partner,partner
teile,parts
party,party
reichen,pass
passe,passe
bestanden,passed
leitet,passes
leidenschaft,Passion
pass,passport
vorbei,past
vergangenheit,past
weg,path
geduld,patience
patienten,patient
patient,patient
patientin,patientin
patrick,patrick
paul,paul
paula,paula
bezahlen,pay
zahle,pay
bezahle,pay
zahlt,pays
frieden,peace
friedlich,peaceful
eigenartig,peculiarly
guck,peep
guckt,peeps
peg,peg
peggy,peggy
stift,pen
penis,penis
penny,penny
leute,People
menschen,People
leuten,people
volk,people
personen,people
pro,Per
prozent,percent
perfekt,Perfect
perfekte,perfect
eventuell,perhaps
bleib,permanent
erlaubnis,permission
person,person
persönliche,personal
persönlichen,personal
persönliches,personal
persönlich,personally
kräfte,personnel
überreden,persuade
pete,pete
peter,Peter
benzin,petrol
phase,phase
phil,phil
philip,philip
phoebe,phoebe
telefon,phone
telefoniert,phone
telefonnummer,phone number
foto,photo
fotos,photos
bilder,photos
klavier,piano
abholen,pick up
abgeholt,picked up
bild,picture
stück,piece
stücke,pieces
pierre,pierre
schwein,pig
schweine,pigs
kissen,pillow
pillen,pills
pilot,pilot
rosa,pink
piper,piper
pistole,pistol
mitleid,pity
pizza,Pizza
ort,place
platz,place
find,place
gelegt,placed
orte,places
plätze,places
plan,plan
flugzeug,plane
planeten,planet
planet,planet
geplant,planned
pläne,plans
werk,plant
pflanzen,plants
teller,Plate
spielen,play
spielst,play
gespielt,played
spielte,played
spieler,player
spielt,plays
besorg,Please bang
freut,pleased
erfreut,pleased
gefreut,pleased
vergnügen,pleasure
steck,plug
steckt,plugged
gesteckt,plugged
plus,plus
punkt,Point
punkte,Points
poirot,poirot
gift,poison
vergiftet,poisoned
polizei,police
polizist,police officer
polizisten,police officers
höflich,polite
partei,Political party
politik,politics
pool,pool
arme,poor
arm,poor
armen,poor
auftauchen,Pop up
papst,pope
beliebt,popular
hafen,port
gestellt,posed
position,position
stellung,position
positiv,positive
besitz,possession
möglichkeit,possibility
möglich,possible
mögliche,possible
womöglich,possibly
möglicherweise,possibly
posten,Post
post,post Office
möglichen,potential
zack,pow
leistung,power
mächtig,powerful
praktisch,practically
praxis,practice
beten,pray
bete,pray
schwanger,pregnant
bereiten,prepare
vorbereitet,prepared
bereitet,prepares
gegenwart,presence
anwesenheit,presence
stellte,presented
vorgestellt,presented
präsentiert,presents
präsident,president
president,president
präsidenten,president
presse,Press
vermutlich,presumably
hübscher,prettier
hübsch,pretty
hübsche,pretty
hübschen,pretty
hübsches,pretty
herrscht,prevails
verhindern,prevent
beute,prey
preis,price
priester,priest
prinz,prince
prinzen,prince
prinzessin,princess
druck,print
gefangene,prisoner
privat,Private
private,private
wahrscheinlich,probably
problem,problem
probleme,problems
verfahren,process
prozess,process
profi,professional
professor,professor
gewinn,profit
programm,program
fortschritte,progress
projekt,Project
vorhaben,project
verspreche,promise
versprechen,promise
versprich,promise
versprochen,promised
versprach,promised
beweis,proof
beweise,proofs
grundstück,Property
eigentum,property
anteil,proportion of
staatsanwalt,prosecuting attorney
schützen,protect
beschützt,protected
schutz,protection
protokoll,protocol
stolz,proud
beweist,proves
gesorgt,provided
stellt,provides
sorgt,provides
bietet,provides
psychiater,psychiatrist
öffentlich,public
öffentlichkeit,Publicity
kotzen,puke
ziehen,pull
ziehe,pull
ziehst,pull
zieh,pulling
puls,Pulse
bestrafen,punish
strafe,punishment
kauf,purchase
reine,pure
rein,purely
zweck,purpose
schieben,push
gestoßen,pushed
stellen,put
setzen,put
stecke,put
legte,put
steckte,put
setze,put
setzt,puts
legt,puts
gute,quality
güte,quality
viertel,quarter
königin,queen
queen,queen
frage,question
frag,question
ruhe,Quiet
still,quiet
ruhige,quiet
leiser,quieter
leise,quietly
quinn,quinn
ziemlich,quite
r,r
rasse,race
rachel,rachel
radio,radio
überfallen,raid
überfall,raid
bahnhof,railway station
regen,rain
regnet,raining
erheben,raise
wirft,raises
ralph,ralph
ran,ran
lief,ran
gelaufen,ran
randy,randy
vergewaltigt,raped
selten,Rare
ratte,rat
rate,rate
sondern,rather
eher,rather
ratten,rats
knarre,rattle
rausholen,rausholen
ray,ray
raymond,raymond
re,re
gelangen,reach
erreicht,reached
reagieren,react
reaktion,reaction
lesen,read
gelesen,read
liest,read
las,read
lies,read
lese,reading
lautet,reads
bereit,ready
echt,real
echte,real
wahre,real
echter,real
richtiger,real
real,real
echtes,real
richtiges,real
echten,real
realität,reality
wirklichkeit,reality
wirklich,really
grund,reason
ursache,reason
vernunft,reason
vernünftig,reasonable
grunde,reasons
gründe,reasons
rebecca,rebecca
erinnern,recall
erhalten,receive
empfangen,receive
erhielt,received
kürzlich,recently
neulich,recently
kurzem,recently
empfang,reception
rezept,recipe
erkenne,recognize
erkennst,recognize
erkannt,recognized
erkennt,recognizes
aufnehmen,"record, tape"
aufgenommen,recorded
aufnahmen,Recordings
aufzeichnungen,records
bergen,recover
red,red
rot,red
rote,Red
roten,redden
reg,reg
melde,register
regeln,regulate
proben,rehearse
verstärkung,reinforcement
beziehung,relationship
verhältnis,relationship
beziehungen,Relationships
entspannen,relax
locker,relaxed
entspannt,relaxed
entspann,relaxing
staffel,relay
religion,religion
ungern,reluctantly
schweigen,remain silent
blieb,remained
geblieben,remained
bleibt,remains
heilmittel,remedy
erinnere,remember
erinnerst,remember
erinnert,remind
fern,remote
entfernen,remove
abgenommen,removed
miete,rental fee
reparieren,repair
repariert,repaired
wiederhole,repeat
ersetzen,replace
antworten,reply
melden,Report
bericht,report
gemeldet,reported
reporter,reporter
berichte,reports
meldet,reports
vertreten,represent
gewünscht,required
verlangt,requires
retten,rescue
rettung,rescue
widerstand,resistance
respekt,respect
respektieren,respect
achten,"respect, think highly of"
reagiert,responds
verantwortung,responsibility
verantwortlich,responsible
zuständig,responsible
rest,rest
ruhen,rest
restaurant,restaurant
ergebnis,Result
ergibt,results
ergebnisse,Results
rückkehr,return
zurückgehen,return
zurückbringen,return
zurückgekommen,returned
zurückkommt,returns
kehrt,returns
rächen,revenge
rache,revenge
reverend,reverend
revolution,revolution
belohnung,reward
reich,rich
reiche,rich
richard,Richard
rick,rick
ricky,ricky
fahre,ride
lächerlich,ridiculous
stimmt,Right
richtigen,right
rechts,right
rechte,right
rechten,right
richtige,right one
riley,riley
ring,ring
klingeln,ring
klingelt,rings
reißt,rips
risiko,risk
riskant,risky
rita,rita
straße,road
road,road
straßen,roads
robert,Robert
robin,robin
roboter,robot
felsen,rock
rakete,rocket
roger,roger
rolle,role
kugeln,roll
rollen,roll
romantisch,romantic
rom,Rome
ron,ron
ronnie,ronnie
zimmer,room
raum,room
seil,rope
leine,rope
rory,rory
rose,rose
rosen,roses
drehen,rotate
dreht,rotates
runde,round
rund,round
strecke,route
roy,roy
müll,rubbish
ruh,ruh
ruinieren,ruin
ruiniert,ruined
regel,rule
rum,rum
gerüchte,rumors
lauf,run
rennen,run
verlaufen,run
laufe,run
weglaufen,run away
weggelaufen,Run away
läuft,running
lauft,running
rennt,runs
russell,russell
russland,Russia
russen,russians
ruth,Ruth
ryan,ryan
s,s
s.,s.
traurig,Sad
traurige,sad
safe,safe
schütze,Sagittarius
sagte,said
sagten,said
meinte,said
heilige,saint
willen,sake
salat,salad
gehalt,salary
verkauf,sale
salz,salt
heil,Salvation
sally,sally
sam,sam
samantha,samantha
gleiche,same
sammy,sammy
probe,sample
san,san
sand,sand
sandwich,sandwich
sandy,sandy
santa,santa
weihnachtsmann,Santa Claus
sara,sara
sarah,sarah
saß,sat
setzte,sat
gesessen,sat
zufrieden,satisfied
samstag,Saturday
bewahren,save
rettet,save
rette,save
sparen,save up
gerettet,saved
sah,saw
sahen,saw
sagen,say
sag,say
sagst,say
spruch,saying
verabschieden,saying goodbye
sagt,says
betrug,scam
erschrecken,scare
szene,scene
schnaps,schnapps
schule,school
school,school
schultz,schultz
wissenschaft,science
wissenschaftler,scientist
scott,scott
schreien,scream
schrei,Scream
schreit,screams
vermasselt,screwed up
drehbuch,script
scully,scully
sdh,sdh
meer,sea
sean,sean
suchen,search
suche,search
such,search
durchsuchen,search
gesucht,searched
durchsucht,searched
sitz,Seat
sitzt,seated
sitze,seats
sebastian,sebastian
sekunde,second
zweite,second
zweiten,second
zweites,second
zweiter,second
gebraucht,second hand
zweitens,Secondly
sekunden,seconds
geheimnis,secret
geheime,secret
geheimen,secret
geheim,secret
sekretärin,secretary
heimlich,secretly
geheimnisse,secrets
sicherer,secure
sicheren,secure
gesichert,secured
sicherheit,security
sehen,see
siehst,see
sehe,see
wiederzusehen,see again
scheinst,seem
scheinen,seem to be
scheinbar,seemingly
scheint,seems
gesehen,seen
seh,seh
seist,seist
ausgesucht,select
selbst,self
verkaufe,sell
senator,senator
schicken,send
senden,send
schickt,sends
señor,señor
sinn,sense
sinnlos,senseless
sinne,senses
schickte,sent
satz,sentence
verurteilt,sentenced
trennen,separate
einzelne,separate
september,September
serena,serena
sergeant,sergeant
serie,series
ernst,serious
schwere,serious
ernstes,serious
schweren,serious
ernsthaft,seriously
diener,servant
dienen,serve
dienst,service
wart,serviceable
gesetzt,set
abgemacht,settled
sieben,seven
mehrere,several
schwerer,severe
sex,sex
sexy,sexy
schatten,shadow
sollt,shall
sollst,shalt
schande,shame
shane,shane
form,shape
scharf,sharp
shaw,shaw
blatt,sheet
sheldon,sheldon
bord,shelf
sheriff,sheriff
sherlock,sherlock
shield,shield
schilde,shields
schiff,ship
schiffe,Ships
hemd,shirt
scheiß,shit
scheisse,Shit
schock,shock
schuh,shoe
schuhe,Shoes
schießen,shoot
erschießen,shoot dead
schießerei,shoot-out
schieß,shooting
schießt,shoots
einkaufen,shop
kurz,short
kurze,short
kurzen,short
erschossen,shot
schuss,shot
geschossen,shot
angeschossen,shot
schüsse,shots
soll,should
sollte,should
sollten,should
sollen,should
solltest,should
müsste,should
solltet,should
solle,should
schulter,shoulder
schultern,Shoulders
schau,show
zeig,show
show,show
zeige,show
zeigst,show
zeigte,showed
dusche,shower
gezeigt,shown
zeigt,shows
auftaucht,shows up
pst,shush
schließen,shut down
schüchtern,shy
steig,sidewalk
seufzt,sighs
anblick,sight
unterschreiben,sign
schild,sign
anzeichen,sign
signal,signal
unterschrift,signature
unterschrieben,signed
stille,silence
albern,silly
dumme,silly
dummes,silly
ähnlich,similar
simon,Simon
einfach,simple
gleichzeitig,simultaneously
sünde,sin
seit,since
seitdem,since
sing,sing
gesang,singing
einzige,single
einzigen,single
einziges,single
single,single
singt,sings
sünden,sins
schluck,sip
sir,sir
schwester,sister
schwestern,sisters
hinsetzen,sit down
situation,situation
sechs,six
große,size
größe,size
fähigkeiten,Skills
haut,skin
rock,skirt
schädel,skull
himmel,sky
knast,slammer
sklaven,slaves
schlafen,sleep
schlaf,sleep
schlafe,sleep
schläfst,sleep
geschlafen,slept
geschnitten,sliced
langsamer,slower
langsam,slowly
trage,sluggish
schlampe,slut
kleine,small
kleinen,small
kleines,small
klein,small
kleinigkeit,small thing
kleiner,smaller
klug,Smart
riechen,smell
riecht,smells
stinkt,smells bad
lächeln,smile
smith,smith
rauch,smoke
rauchen,smoke
glatt,smooth
sms,sms
schlange,Snake
schnapp,snap
schnappt,snaps
schnauze,snout
schnee,snow
so,so
also,so
bisher,so far
soweit,so far
soviel,so much
sozusagen,so to speak
schluchzt,sobs
fußball,Soccer
gesellschaft,society
socken,socks
sofa,sofa
weich,soft
verkauft,sold
soldat,soldier
soldaten,soldiers
lösung,solution
gelöst,solved
einige,some
manche,some
einiges,some
einigen,some
einig,Some
jemandem,somebody
irgendwie,somehow
jemand,someone
jemanden,someone
etwas,something
irgendwann,Sometime
manchmal,sometimes
irgendwo,somewhere
irgendwohin,somewhere
woanders,somewhere else
sohn,son
sohnes,son
hurensohn,son of a bitch
song,song
lied,song
söhne,sons
sonny,sonny
bald,soon
beruhigen,soothe
sophie,sophie
weh,sore
wunden,sore
kummer,sorrow
sorry,sorry
suchte,sought
seele,soul
seelen,souls
klingen,sound
klang,sound
klingt,sounds
geräusche,Sounds
ertönt,sounds
suppe,Soup
quelle,source
süden,south
raumschiff,spaceship
spanien,Spain
geredet,spake
spanisch,Spanish
sprechen,speak
spreche,speak
sprich,speak
sprichst,speak
spricht,speaks
besondere,special
special,special
besonderes,special
besonderen,special
arten,species
spezies,species
zuschauer,spectator
rede,speech
geschwindigkeit,speed
spencer,spencer
verbringen,spend
verbracht,spent
spielchen,spielchen
spock,spock
verderben,spoil
sprach,spoke
gesprochen,spoken
sport,Sports
fleck,spot
spring,spring
frühling,spring
spion,spy
quietschen,squeak
st.,st.
stabil,stable
personal,staff
bühne,stage
treppe,stairway
stan,stan
stehen,stand
steh,stand
aufstehen,stand up
stehst,standing
steht,stands
stanley,stanley
stern,star
star,star
sterne,Stars
fange,start
losgehen,start
starten,start
angefangen,started
begann,started
fing,started
beginnt,starts
aussage,statement
aussagen,statement
staaten,states
station,station
zustand,Status
bleiben,stay
bleibe,stay
bleibst,stay
hierbleiben,stay here
klauen,steal
stehlen,steal
steele,steele
stefan,Stefan
schritt,step
stufe,step
stephen,stephen
schritte,steps
steve,steve
steven,steven
stecken,stick
stich,Sting
stahl,stole
gestohlen,stolen
geklaut,Stolen
magen,stomach
stone,stone
stein,stone
steine,stones
standen,stood
halt,stop
aufhören,stop
aufhalten,stop
stopp,stop
anhalten,stop
aufzuhalten,stop
stop,stop
aufgehört,stopped
aufgehalten,stopped
geschichten,stories
sturm,Storm
story,story
seltsam,strange
merkwürdig,strange
fremden,strange
seltsame,strange
street,street
stärke,Strength
starke,Strength
starken,strengthen
stress,stress
streng,strict
stärker,stronger
stark,strongly
kampf,struggle
knopf,stud
schüler,student
studenten,students
studio,Studio
sachen,stuff
zeug,stuff
dumm,stupid
blöd,stupid
blöde,stupid
blöden,stupid
bescheuert,stupid
dummen,stupid
blöder,stupid
dämlich,stupid
stil,style
abgeben,submit
untertitel,subtitle
erfolg,success
erfolgreich,successfully
solche,such
solch,such
solchen,such a
nervt,sucks
plötzlich,suddenly
leid,suffering
leidet,suffers
zucker,sugar
schlage,suggest
vorschlag,suggestion
selbstmord,Suicide
anzug,suit
koffer,suitcase
fasse,summarize
sommer,summer
sonne,Sun
sonntag,Sunday
super,Super
superman,superman
unterstützung,support
unterstützen,support
unterstützt,supports
drück,suppressive
aufgetaucht,surfaced
operation,surgery
name,Surname
überraschung,surprise
überrascht,surprised
umgebung,Surroundings
überlebt,survived
susan,susan
verdächtigen,suspect
vermute,suspect
ahnen,suspect
verdacht,suspicion
verdächtige,suspicious
schwöre,swear
schwören,swear
schwör,swear
kehren,sweep
süß,sweet
süße,sweet
süßes,sweet
süßen,sweeten
schwimmen,swim
schalten,switch
wechseln,switch
schwert,sword
geschworen,sworn
sydney,sydney
symbol,symbol
beileid,sympathy
symptome,symptoms
system,system
t,t
tisch,table
tabletten,tablets
schwanz,tail
nimm,take
nehme,take
nimmst,take
mitnehmen,take
nehmt,take
fassen,take
ausruhen,take a rest
wegnehmen,take away
kümmere,take care
erledigen,take care of
übernehmen,take over
übernehme,take over
riskieren,take risk
nimmt,takes
kümmert,takes care
übernimmt,takes over
nehm,taking
talent,talent
reden,talk
gerede,talk
redest,talking about
redet,talks
panzer,tank
band,tape
tara,tare
ziel,target
aufgabe,task
aufgaben,tasks
geschmack,taste
schmecken,taste
gekostet,tasted
schmeckt,tastes
beigebracht,taught
steuer,tax
steuern,Taxes
taxi,taxi
taylor,taylor
tee,tea
beibringen,teach
lehrer,teacher
lehrerin,Teacher
team,team
mannschaft,team
teams,teams
reiß,tear
reißen,tear
tränen,tears
technik,technology
technologie,technology
ted,ted
teddy,teddy
teenager,teenager
zähne,teeth
erzählen,tell
erzähl,tell
erzähle,tell
erzählst,tell
verrate,tell
mitteilen,tell
erzählt,tells
muster,template
tempel,temple
tempo,tempo
zehn,ten
zelt,tent
begriff,term
gelände,terrain
schreckliche,terrible
schrecklichen,terrible
revier,territory
terroristen,terrorists
terry,terry
tess,tess
test,test
testament,testament
zeugen,testify
tests,Testing
testen,testing
texas,Texas
text,text
bedanken,thank
danke,Thank you
dankeschön,Thank-you
dank,thanks
thanksgiving,thanksgiving
dass,that
daß,that
jener,that
das,the
die,the
den,the
dem,the
the,the
atmosphäre,the atmosphere
derjenige,the one
diejenige,the one
dieselbe,the same
derselbe,the same
derselben,the same
dieselben,the same
selben,the same
denselben,the same
dasselbe,the same thing
theater,theatre
diebstahl,theft
ihr,their
ihren,their
ihrem,their
ihres,their
deren,their
lhre,Their
ihnen,them
thema,theme
dann,then
dahin,then
theorie,theory
therapie,therapy
da,there
dort,There
dabei,there
dorthin,there
existiert,there
gibts,there
dadurch,thereby
darum,therefore
deshalb,therefore
deswegen,therefore
daher,therefore
darauf,thereon
handelt,These
heutzutage,these days
sie,they
dick,thick
dicke,thickness
dieb,Thief
dünn,thin
sache,Thing
ding,thing
dinge,things
dingen,things; matters
denke,think
denken,think
denkst,think
glaubst,think
halte,think
glaub,think
haltet,think
nachdenken,think
überlege,think
denk,thinking
nachzudenken,thinking
denkt,thinks
dritte,third
dritten,third
durst,thirst
diese,this
dieser,this
dieses,this
diesen,this
diesem,this
dies,this
diesmal,this time
thomas,Thomas
gründlich,thoroughly
diejenigen,those
jene,those
zwar,though
dachte,thought
gedacht,thought
dachten,thought
glaubte,thought
gedanke,thought
dachtest,thought
nachgedacht,thought
gedanken,thoughts
tausend,thousand
tausende,thousands
bedrohung,threat
bedroht,threatened
drei,three
warf,threw
kehle,throat
thron,throne
durchs,through
werfen,throw
wirf,throw
geworfen,thrown
daumen,thumb
donnerstag,Thursday
krawatte,tie
tiger,tiger
tim,Tim
zeit,time
zeitpunkt,time
time,time
mal,times
zeiten,times
male,times
tina,tina
tipp,tip
müde,tired
reifen,tires
titel,title
tja,tja
zu,to
nach,to
bis,to
zur,to
dazu,to
to,to
einstellen,to adjust
entschuldigen,to apologize
verhaften,to arrest
versuchen,to attempt
sichern,to back up
baden,to bathe
anfangen,to begin
atmen,to breathe
bauen,to build
begraben,to bury
kaufen,to buy
sorgen,to care
fangen,to catch
feiern,to celebrate
ändern,to change
unterhalten,to chat
bestätigen,to confirm
kontaktieren,to contact
überzeugen,to convince
schneiden,to cut
tanzen,to dance
tauschen,To deceive
täuschen,To deceive
zerstören,to destroy
sterben,to die
diskutieren,to discuss
stören,to disturb
tun,to do
verdienen,to earn
leeren,to empty
begegnen,to encounter
betreten,to enter
erklären,to explain
versagen,to fail
fürchten,to fear
holen,to fetch
füllen,to fill
feuern,to fire
fliegen,to fly
zwingen,to force
vergessen,to forget
befreien,to free
bekommen,to get
besorgen,to get
kennenlernen,to get to know
aufgeben,to give up
greifen,to grab
grüßen,to greet
wachsen,to grow
übergeben,to hand over
hassen,to hate
haben,to have
ehren,to honor
hoffen,to hope
jagen,to hunt
ignorieren,to ignore
informieren,to inform
behalten,to keep
führen,to lead
fuhren,to lead
lassen,to let
heben,to lift
mögen,to like
zuhören,to listen
verlieren,to lose
treffen,to meet
anbieten,to offer
öffnen,to open
bestellen,to order
malen,to paint
pinkeln,to pee
telefonieren,to phone
planen,to plan
üben,to practice
vorbereiten,to prepare
drücken,to press
beschützen,to protect
beweisen,to prove
erreichen,to reach
bereuen,to regret
wiederholen,to repeat
berichten,to report
zurückkehren,to return
laufen,to run
opfern,to sacrifice
verkaufen,to sell
duschen,to shower
singen,to sing
sitzen,to sit
lösen,to solve
verhungern,to starve
treten,to step
stoppen,to stop
spazieren,to stroll
studieren,to study
leiden,To suffer
überraschen,to surprise
überleben,to survive
nehmen,to take
kümmern,To take care of
danken,to thank
zum,to the
denen,to those
reisen,to travel
behandeln,to treat
benutzen,to use
warnen,to warn
waschen,to wash
anzusehen,to watch
wünschen,to wish
dir,to you
euch,to you
toast,toast
toby,toby
heute,today
heut,today
heutigen,today
todd,todd
zusammen,together
miteinander,together
gemeinsam,together
toilette,Toilet
gesagt,told
sagtest,told
erzählte,told
vertragen,tolerate
tom,tom
tommy,tommy
morgen,tomorrow
zunge,tongue
tony,tony
allzu,too
zuviel,too much
genommen,took
nahm,took
mitgenommen,took
nahmen,took
zahn,tooth
spitze,top
dach,"top, roof"
total,total
summe,total
anfassen,touch
berühren,touch
berührt,touched
harten,tough
turm,tower
spielzeug,toy
spuren,traces
spur,track
verfolgt,tracked
tracy,tracy
handel,trade
tradition,tradition
verkehr,traffic
tragödie,tragedy
zug,train
bahn,train
trainiert,trained
trainer,Trainer
training,training
ausbildung,training
verräter,traitor
übertragen,transfer
verwandeln,transform
verwandelt,transformed
setz,translated
übersetzt,translated
übersetzung,translation
reise,travel
travis,travis
verrat,Treason
schatz,treasure
behandelt,treated
behandlung,treatment
baum,tree
bäume,trees
trick,trick
reingelegt,tricked
tricks,tricks
probiert,tried
versuchten,tried
versuchte,tried
versucht,tries
versuche,tries
ausgelöst,triggered
löst,triggers
tour,trip
truppen,troops
truppe,troops
ärger,trouble
schwierigkeiten,trouble
hose,trousers
troy,troy
truck,truck
wahr,true
kofferraum,trunk
vertrauen,trust
trauen,trust
vertraue,trust
vertrau,trust
traue,trust
vertraust,trust
wahrheit,truth
probieren,try
probier,try
versuchst,try
tu,tu
dienstag,Tuesday
dran,tuned
tunnel,tunnel
wenden,turn
umdrehen,turn around
ausmachen,turn off
ausschalten,turn off
gedreht,turned
fernseher,TV
tv,tv
zwölf,twelve
zweimal,twice
zwillinge,Twins
dreh,twist
zwei,two
tyler,tyler
typ,Type
typen,types
typisch,typical
hässlich,ugly
uh,uh
äh,um
ähm,um
onkel,uncle
bewusstlos,unconscious
ohnmächtig,unconscious
unter,under
durchgemacht,undergone
verstehe,understand
verstehen,understand
verstehst,understand
versteh,understand
begreifen,understand
verstand,understanding
verständnis,understanding
verstanden,Understood
versteht,understood
unterwäsche,underwear
unfair,unfair
leider,Unfortunately
unglücklich,unhappy
uniform,uniform
unwichtig,unimportant
einheit,unit
vereinigten,united
einheiten,units
universum,universe
uni,University
universität,university
unangenehm,unpleasant
ungewöhnlich,unusual
rauf,up
wahren,uphold
verärgert,upset
dringend,urgent
uns,us
usa,USA
nutzen,use
gebrauchen,use
verwenden,use
benutze,use
benutzt,used
gewöhnt,used
gewohnt,used
verwendet,used
eingesetzt,used
nützlich,useful
nutzlos,useless
nutzt,uses
übliche,usual
normalerweise,usually
gewöhnlich,usually
überleg,überleg
urlaub,vacation
ferien,vacation
tal,valley
wert,value
werte,values
klappen,Valves
vampir,vampire
vampire,vampire
van,van
vanessa,vanessa
verschiedene,various
vegas,Vegas
gemüse,vegetables
fahrzeug,vehicle
verarscht,verarscht
verlass,verlass
verpiss,verpiss
version,version
sehr,very
vielmals,very much
bestens,very well
vic,vic
stell,Vice
laster,vice
opfer,Victim
opfers,victim
victor,victor
victoria,victoria
sieg,victory
video,Video
blick,view
sicht,view
aussicht,view
angesehen,viewed
villa,villa
dorf,Village
vince,vince
vincent,vincent
verletzen,violate
verletzungen,violations
gewalt,violence
heftig,violently
jungfrau,Virgin
virginia,Virginia
virus,virus
vision,vision
besuch,visit
besuchen,visit
besucht,visited
besucher,visitors
wodka,vodka
stimme,voice
ton,volume
lauter,volume up
freiwillig,voluntary
lohn,wage
lhnen,wages sent
warte,wait
abwarten,wait
gewartet,waited
warten,waiting
wartet,waiting
wartest,waiting
aufwachen,wake up
wecken,wake up
spaziergang,walk
weggehen,walk away
walker,walker
wand,wall
mauer,Wall
brieftasche,wallet
wände,walls
walt,walt
walter,walter
walton,walton
wichser,wanker
will,want
willst,want
wollen,want
wollt,want
möchtest,want
wollte,wanted
wolltest,wanted
gewollt,wanted
wolltet,wanted
wollten,wanted to
krieg,war
lager,warehouse
warm,warm
herzlichen,warm
herzlich,warmly
gewarnt,warned
warnung,warning
warne,warning
warren,warren
krieger,warrior
kriege,wars
war,was
ließ,was
lag,was
hieß,was called
stand,was standing
wartete,was waiting
washington,Washington
wurdest,wast
verschwenden,waste
schauen,watch
wachen,watch
zusehen,watch
aufpassen,watch out
aufgepasst,watch out
fernsehen,watch TV
wasser,water
watson,watson
ausweg,way out
wayne,wayne
wege,ways
wir,we
we,we
schwach,weak
schwäche,weakness
schätze,wealth
waffe,weapon
waffen,weapons
trägst,wear
trägt,wearing
wetter,Weather
hochzeit,wedding
mittwoch,Wednesday
woche,week
wochenende,weekend
wochen,weeks
weint,weeps
gewicht,Weight
willkommen,welcome
begrüßen,welcome
gut,Well
wohl,well
naja,well
brav,well-behaved
wendy,wendy
ging,went
gegangen,went
gingen,went
ausgegangen,went out
waren,were
warst,were
wurden,were
westen,west
west,west
nass,wet
was,What
welch,what
what,what
schade,what a shame
wozu,what for
rad,wheel
als,when
wann,when
wo,Where
wohin,where
welchem,wherein
worauf,whereupon
welche,Which
welches,which
welchen,which
wonach,which
welcher,which one
während,while
weile,while
whiskey,whiskey
whisky,whiskey
flüstert,whispers
pfeift,whistles
weiß,White
weiss,White
weißen,white
weiße,white
white,white
weißer,white
wer,who
whoa,whoa
ganze,whole
ganzes,whole
wen,whom
wem,whom
hure,whore
dessen,whose
wessen,whose
warum,Why
weshalb,why
weswegen,why
witwe,widow
ehefrau,wife
wild,wild
wilde,wild
wilden,wild
werden,will
werde,will
wirst,will
werdet,will
wille,will
william,william
williams,williams
willie,willie
wilson,Wilson
gewinnen,win
gewinne,win
wind,wind
fenster,window
wein,Wine
flügel,wing
gewinner,winner
sieger,winner
gewinnt,winning
winter,winter
funk,Wireless
weise,wise
wünschte,wish
wunsch,wish
wünscht,wishes
wünsche,Wishes
hexe,witch
hexen,witches
mit,With
with,with
gerne,with pleasure
innerhalb,within
ohne,without
zeuge,witness
zauberer,wizard
aufgewacht,woke up
wolf,wolf
weib,woman
frauen,women
gewonnen,won
wunder,wonder
wunderbar,wonderful
wundervoll,wonderful
wunderbare,wonderful
holz,Wood
wolle,wool
wort,word
wörter,words
trug,wore
arbeiten,work
arbeitest,work
trainieren,work out
zusammenarbeiten,work together
gearbeitet,worked
arbeitete,worked
arbeiter,worker
arbeite,working
funktioniert,works
werkstatt,Workshop
welt,world
welten,worlds
beunruhigt,worried
sorge,worry
schlimmer,worse
schlechter,worse
schlimmeres,worse
schlimmste,worst
schlimmsten,worst
worte,worte
lohnt,worth
würde,would
wäre,would
würden,would
würdest,would
wären,would
wär,would
gäbe,would
würdet,would
würd,would
ginge,would
ware,would
käme,would
müssten,would
hatte,would have
hätte,would have
hättet,would have
müsstest,would have
möchten,would like
möchte,would like to
mochte,would like to
wunde,wound
wow,Wow
schreiben,write
schreibe,write
schreib,write
schreibst,write
schreibt,writes
schreibtisch,writing desk
geschrieben,written
unrecht,wrong
geirrt,wrong
schrieb,wrote
x,x
yeah,yeah
jahr,year
jahres,year
jahre,years
jahren,years
brüllt,yells
ja,Yes
jawohl,Yes
gestern,yesterday
noch,yet
dennoch,yet
ergeben,yield
yo,yo
york,York
du,you
dich,you
man,you
you,you
gehts,you go
hattet,you had
bitte,You're welcome
jung,young
fräulein,young lady
junger,younger
jünger,younger
ihre,your
dein,your
deinen,your
deinem,your
eure,your
euer,your
euren,your
eurem,your
deine,yours
deiner,yours
deines,yours
deins,yours
eures,yours
eurer,yours
sich,yourself
jugend,youth
null,zero
zoe,zoe
zone,Zone